name,team,cost,pos,sel,g,a,cs,mins,ti,to
K. Mbappé,FRA,11,FWD,77,9,6,0,656,46222,11796
H. Kane,ENG,11,FWD,49,8,2,0,607,51788,22249
C. Ronaldo,POR,10,FWD,15,10,1,0,725,21933,27918
J. Bellingham,ENG,9.5,MID,44,0,1,1,320,30348,42336
K. De Bruyne,BEL,9.5,MID,20,0,0,1,1,27022,32135
R. Lewandowski,POL,9.5,FWD,3,3,2,0,750,2901,7834
P. Foden,ENG,9,MID,31,0,2,5,384,37596,37264
B. Fernandes,POR,9,MID,27,6,8,9,844,59857,19058
R. Lukaku,BEL,9,FWD,13,14,1,0,549,45522,26011
A. Griezmann,FRA,9,FWD,7,1,1,0,674,12226,16417
J. Musiala,GER,8.5,MID,17,0,0,0,0,21899,27217
B. Saka,ENG,8.5,MID,14,4,3,4,493,36816,28156
R. Leão,POR,8.5,FWD,10,1,2,0,396,14911,20596
B. Silva,POR,8.5,MID,6,3,4,8,676,9849,12034
Á. Morata,ESP,8.5,FWD,3,4,0,0,461,4710,10663
J. Félix,POR,8.5,FWD,2,3,1,0,512,1996,7836
D. Jota,POR,8.5,FWD,2,2,2,7,390,3047,6372
L. Trossard,BEL,8,MID,8,2,0,4,296,22255,24614
O. Dembélé,FRA,8,FWD,3,1,0,0,198,4235,8379
O. Giroud,FRA,8,FWD,3,3,1,0,288,3786,8481
R. Kolo Muani,FRA,8,FWD,1,1,0,0,419,1441,5976
F. Wirtz,GER,7.5,MID,38,0,0,0,0,61951,42659
K. Havertz,GER,7.5,FWD,16,0,0,0,0,45672,33677
L. Modrić,CRO,7.5,MID,12,0,0,6,680,11455,20522
F. Chiesa,ITA,7.5,FWD,9,2,0,0,142,18929,21231
C. Palmer,ENG,7.5,MID,8,0,0,2,65,12481,18297
A. Dovbyk,UKR,7.5,FWD,6,2,0,0,534,19059,17153
D. Olmo,ESP,7.5,MID,6,2,0,2,111,9375,19930
R. Højlund,DEN,7.5,FWD,6,7,1,0,595,11548,13825
C. Gakpo,NED,7.5,FWD,4,3,0,0,273,6793,11848
C. Immobile,ITA,7.5,FWD,3,0,0,0,0,3946,9954
L. Pellegrini,ITA,7.5,MID,3,0,1,0,69,3610,10446
M. Depay,NED,7.5,FWD,3,1,0,0,101,4948,7205
K. Coman,FRA,7.5,MID,3,2,2,0,216,4319,11009
J. Grealish,ENG,7.5,MID,2,0,0,0,0,1254,8458
M. Oyarzabal,ESP,7.5,MID,2,1,2,4,207,4023,7539
G. Raspadori,ITA,7.5,FWD,1,1,1,4,506,889,4326
A. Kramarić,CRO,7.5,FWD,1,4,0,0,468,938,3217
J. Maddison,ENG,7.5,MID,1,0,0,0,0,425,7318
O. Watkins,ENG,7.5,FWD,1,0,0,0,90,799,2704
F. Torres,ESP,7.5,FWD,1,3,1,0,272,1683,2593
D. Vlahović,SRB,7.5,FWD,1,3,1,3,417,1546,3017
A. Budimir,CRO,7.5,FWD,0,1,0,0,26,110,1004
D. Szoboszlai,HUN,7,MID,16,4,5,3,720,47171,33144
X. Simons,NED,7,MID,15,0,0,5,691,34188,41287
I. Gundogan,GER,7,MID,10,0,0,0,0,37085,21816
L. Sane,GER,7,MID,9,0,0,0,0,17177,25465
N. Barella,ITA,7,MID,7,0,4,2,571,12766,18103
J. Doku,BEL,7,FWD,7,0,4,0,408,16575,14468
K. Kvaratskhelia,GEO,7,MID,4,4,1,2,824,9572,11912
C. Eriksen,DEN,7,MID,3,1,3,3,540,6380,10694
N. Fullkrug,GER,7,FWD,3,0,0,0,0,5506,7524
N. Williams,ESP,7,MID,3,1,3,1,222,5029,7248
M. Mudryk,UKR,7,MID,3,2,2,3,718,8113,9999
M. Pašalić,CRO,7,MID,2,2,2,5,310,709,7165
P. Schick,CZE,7,FWD,2,0,0,0,0,4212,6452
A. Mitrović,SRB,7,FWD,2,5,1,0,592,3593,4832
P. Neto,POR,7,MID,2,0,0,2,40,1865,8023
G. Scamacca,ITA,7,FWD,2,1,0,0,271,4837,5390
M. Daramy,DEN,7,MID,1,0,1,2,450,577,7046
M. Rashford,ENG,7,FWD,1,2,0,0,270,1369,3760
Joselu,ESP,7,FWD,1,4,2,0,235,2171,3897
B. Šeško,SVN,7,FWD,1,5,2,0,754,3946,4126
G. Ramos,POR,7,FWD,1,3,0,0,274,2607,3929
D. Malen,NED,7,FWD,1,0,1,0,156,873,1872
R. Orsolini,ITA,7,MID,1,0,0,3,100,391,5279
P. Gross,GER,7,MID,1,0,0,0,0,447,4840
Y. Carrasco,BEL,7,MID,1,1,3,5,517,1444,2272
L. Openda,BEL,7,FWD,1,0,0,6,141,2104,2822
T. Muller,GER,7,FWD,1,0,0,0,0,810,1572
S. Gnabry,GER,7,FWD,1,0,0,0,0,1118,2591
C. Nkunku,FRA,7,MID,1,0,0,0,0,696,2128
M. Thuram,FRA,7,FWD,1,2,0,0,161,1030,1694
J. Bowen,ENG,7,FWD,0,0,0,0,0,378,1200
J. Wind,DEN,7,FWD,0,3,3,0,602,284,1020
A. Milik,POL,7,FWD,0,0,0,0,0,84,398
M. Arnautović,AUT,7,FWD,0,2,0,0,222,278,729
S. Berghuis,NED,7,FWD,0,0,0,0,0,63,316
S. Bergwijn,NED,7,FWD,0,0,1,2,89,260,654
K. Aktürkoğlu,TUR,7,FWD,0,2,0,0,592,555,1014
J. Bakayoko,BEL,7,FWD,0,1,2,0,327,298,510
D. Undav,GER,7,FWD,0,0,0,0,0,124,392
M. Asensio,ESP,7,MID,0,0,1,1,45,323,1096
Rodri,ESP,6.5,MID,25,0,1,4,455,65590,36753
L. Yamal,ESP,6.5,FWD,11,2,1,3,275,23629,21735
T. Kroos,GER,6.5,MID,10,0,0,0,0,16782,13340
S. McTominay,SCO,6.5,MID,9,7,1,4,652,19102,20798
H. Çalhanoğlu,TUR,6.5,MID,6,0,0,0,0,24524,17070
J. Kimmich,GER,6.5,MID,5,0,0,0,0,6975,8737
D. Rice,ENG,6.5,MID,5,1,0,4,693,10211,11485
F. de Jong,NED,6.5,MID,4,0,0,0,0,5103,7711
J. McGinn,SCO,6.5,MID,2,3,2,0,568,3036,4574
X. Shaqiri,SUI,6.5,MID,2,2,3,2,559,10277,6812
P. Zieliński,POL,6.5,MID,1,1,2,5,694,1173,2452
S. Milinković-Savić,SRB,6.5,MID,1,0,0,0,0,1404,2925
J. Brandt,GER,6.5,MID,1,0,0,0,0,855,1983
L. Goretzka,GER,6.5,MID,1,0,0,0,0,928,2055
M. Kovačić,CRO,6.5,MID,1,2,0,2,336,905,1861
A. Rabiot,FRA,6.5,MID,1,1,1,0,309,1203,1677
M. Diaby,FRA,6.5,MID,1,0,0,0,0,661,1557
T. Koopmeiners,NED,6.5,MID,1,1,0,3,98,1562,2345
M. Sabitzer,AUT,6.5,MID,1,4,2,4,370,2252,3405
I. Perišić,CRO,6.5,MID,1,0,2,3,359,1095,2140
R. Horta,POR,6.5,FWD,0,2,0,0,88,233,430
L. Haraslín,SVK,6.5,MID,0,3,1,0,240,237,615
K. Dolberg,DEN,6.5,FWD,0,0,0,0,0,317,661
A. Skov Olsen,DEN,6.5,FWD,0,0,0,0,0,148,394
J. Mário,POR,6.5,MID,0,0,0,1,1,294,740
Otávio,POR,6.5,MID,0,1,2,8,231,567,1250
C. Wilson,ENG,6.5,FWD,0,1,0,0,101,52,196
C. Gallagher,ENG,6.5,MID,0,0,0,5,170,188,456
M. O'Riley,DEN,6.5,MID,0,0,0,0,0,599,1705
D. Lukébakio,BEL,6.5,FWD,0,2,3,0,243,309,451
C. De Ketelaere,BEL,6.5,MID,0,0,0,0,0,944,1499
N. Okafor,SUI,6.5,FWD,0,0,1,0,275,1137,1513
T. Werner,GER,6.5,FWD,0,0,0,0,0,998,1382
M. Beier,GER,6.5,FWD,0,0,0,0,0,99,73
M. Livaja,CRO,6.5,FWD,0,0,0,0,1,56,91
L. Majer,CRO,6.5,MID,0,1,1,5,315,2274,1390
F. Kostić,SRB,6.5,MID,0,0,1,3,381,319,765
D. Tadić,SRB,6.5,FWD,0,2,4,0,646,1090,1241
I. Toney,ENG,6.5,FWD,0,0,0,1,90,283,614
F. Ruiz,ESP,6.5,MID,0,0,3,2,279,155,324
G. Sudakov,UKR,6.5,MID,0,1,3,3,849,1697,1600
B. Brobbey,NED,6.5,FWD,0,0,0,0,0,500,799
M. Gregoritsch,AUT,6.5,FWD,0,3,1,0,482,408,473
I. Aspas,ESP,6.5,FWD,0,0,0,2,7,164,298
W. Weghorst,NED,6.5,FWD,0,3,0,0,517,1105,1382
V. Grifo,ITA,6.5,MID,0,0,0,0,0,60,165
G. Bonaventura,ITA,6.5,MID,0,0,0,0,0,66,165
D. Frattesi,ITA,6.5,MID,0,3,0,2,323,765,843
N. Vlašić,CRO,6.5,MID,0,0,0,0,0,67,181
M. Politano,ITA,6.5,FWD,0,0,0,0,0,178,273
C. Baumgartner,AUT,6.5,MID,0,3,2,3,532,1324,956
İ. Kahveci,TUR,6.5,MID,0,1,0,3,111,105,166
J. Veerman,NED,6.5,MID,0,0,2,4,197,379,472
B. Embolo,SUI,6.5,FWD,0,0,0,0,0,637,1054
Z. Amdouni,SUI,6.5,FWD,0,6,0,0,489,994,818
N. Zaniolo,ITA,6.5,FWD,0,0,0,0,0,177,338
A. Živković,SRB,6.5,FWD,0,0,1,0,552,34,61
C. Stengs,NED,6.5,MID,0,3,0,1,90,104,149
V. van Dijk,NED,6,DEF,33,1,0,5,675,43098,29434
J. Cancelo,POR,6,DEF,23,3,0,8,693,47304,32567
G. Donnarumma,ITA,6,GK,15,0,0,0,0,11564,26322
M. Neuer,GER,6,GK,14,0,0,0,0,8653,22692
R. Dias,POR,6,DEF,13,0,0,8,810,11483,15624
A. Güler,TUR,6,MID,7,0,0,0,0,22576,18809
A. Tchouameni,FRA,6,MID,5,1,1,5,445,10733,10815
E. Camavinga,FRA,6,MID,4,0,0,5,274,5864,6076
Vitinha,POR,6,MID,4,0,0,0,143,10840,9720
G. Xhaka,SUI,6,MID,4,2,2,3,876,11926,11489
K. Trippier,ENG,6,DEF,3,0,0,3,55,3599,5873
Y. Tielemans,BEL,6,MID,3,0,0,3,263,8719,8610
Gavi,ESP,6,MID,2,2,0,5,488,3572,5612
K. Laimer,AUT,6,MID,1,2,0,3,492,1271,2118
M. Brozović,CRO,6,MID,1,0,0,0,0,1233,1623
T. Souček,CZE,6,MID,1,3,1,4,720,2299,2775
M. Damsgaard,DEN,6,MID,1,0,0,0,0,1623,2528
W. Zaïre-Emery,FRA,6,MID,1,1,0,1,90,1030,1592
G. Wijnaldum,NED,6,MID,1,0,0,0,0,1252,1602
V. Tsygankov,UKR,6,FWD,1,3,1,0,540,2381,1837
M. Uzuni,ALB,6,FWD,0,0,1,5,529,396,532
S. Çikalleshi,ALB,6,FWD,0,1,1,0,423,127,269
N. Bajrami,ALB,6,MID,0,3,1,6,579,567,797
M. Grüll,AUT,6,MID,0,0,0,0,0,93,425
R. Schmid,AUT,6,MID,0,0,0,0,0,241,556
M. Cham,AUT,6,MID,0,0,0,0,0,105,430
F. Kainz,AUT,6,MID,0,1,0,4,127,62,253
A. Prass,AUT,6,MID,0,0,0,2,47,56,236
M. Batshuayi,BEL,6,FWD,0,0,0,0,0,518,718
O. Deman,BEL,6,MID,0,0,0,0,0,59,209
A. Vermeeren,BEL,6,MID,0,0,0,1,89,179,358
A. Saelemaekers,BEL,6,MID,0,0,0,0,37,137,273
A. Onana,BEL,6,MID,0,0,0,3,279,874,999
H. Vanaken,BEL,6,MID,0,0,0,0,0,44,134
J. Brekalo,CRO,6,FWD,0,0,0,0,0,72,215
M. Pašalić,CRO,6,FWD,0,0,0,2,103,301,432
B. Petković,CRO,6,FWD,0,2,1,0,179,683,658
M. Baturina,CRO,6,MID,0,0,0,0,91,42,130
V. Jurečka,CZE,6,FWD,0,0,1,3,225,37,52
J. Kuchta,CZE,6,FWD,0,0,0,0,0,38,67
M. Chytil,CZE,6,FWD,0,0,1,4,608,81,73
L. Provod,CZE,6,MID,0,0,0,0,0,38,110
O. Lingr,CZE,6,MID,0,0,0,5,130,26,97
M. Braithwaite,DEN,6,FWD,0,0,0,0,0,586,752
Y. Poulsen,DEN,6,FWD,0,1,0,0,432,563,704
M. Jensen,DEN,6,MID,0,0,0,0,179,131,302
Y. Fofana,FRA,6,MID,0,2,1,4,188,510,514
B. Varga,HUN,6,FWD,0,4,0,0,372,583,528
K. Horváth,HUN,6,MID,0,0,0,1,90,45,68
W. Gnonto,ITA,6,FWD,0,0,0,0,0,493,674
M. Kean,ITA,6,FWD,0,0,1,2,230,569,718
S. El Shaarawy,ITA,6,FWD,0,1,0,1,69,525,612
M. Retegui,ITA,6,FWD,0,2,0,0,174,799,800
M. Pessina,ITA,6,MID,0,1,0,1,86,60,97
N. Lang,NED,6,FWD,0,0,0,0,35,75,110
T. Dallinga,NED,6,FWD,0,0,0,0,0,11,22
T. Reijnders,NED,6,MID,0,0,0,5,384,682,774
M. Skóraś,POL,6,FWD,0,0,1,3,178,34,45
K. Piątek,POL,6,FWD,0,0,0,0,13,97,144
D. Szymański,POL,6,MID,0,1,0,0,296,29,73
S. Szymański,POL,6,MID,0,2,0,5,420,144,211
R. Neves,POR,6,MID,0,0,3,8,264,635,913
J. Palhinha,POR,6,MID,0,0,1,0,330,1108,1282
F. Coman,ROU,6,FWD,0,1,0,5,540,144,211
I. Hagi,ROU,6,MID,0,2,1,5,317,441,608
O. Moruţan,ROU,6,MID,0,0,4,9,436,132,166
L. Dykes,SCO,6,FWD,0,1,2,0,499,348,825
R. Christie,SCO,6,FWD,0,0,0,4,675,230,216
C. McGregor,SCO,6,MID,0,0,0,0,0,198,322
S. Armstrong,SCO,6,MID,0,1,1,4,178,84,157
L. Jović,SRB,6,FWD,0,0,0,1,5,418,545
R. Boženík,SVK,6,FWD,0,1,1,0,497,75,92
O. Duda,SVK,6,MID,0,2,2,4,658,143,158
L. Bénes,SVK,6,MID,0,0,2,5,258,17,37
R. Mak,SVK,6,MID,0,2,0,4,384,23,54
T. Suslov,SVK,6,MID,0,1,0,6,500,43,48
A. Šporar,SVN,6,FWD,0,3,3,0,550,143,138
Ž. Celar,SVN,6,FWD,0,0,0,0,0,3,9
T. Elšnik,SVN,6,FWD,0,0,0,0,0,13,14
S. Lovrić,SVN,6,MID,0,1,0,6,298,20,27
A. Ruiz,ESP,6,FWD,0,0,0,0,0,41,31
A. Fati,ESP,6,FWD,0,0,0,1,24,496,651
Y. Pino,ESP,6,FWD,0,0,0,2,147,81,126
M. Merino,ESP,6,MID,0,1,1,5,372,110,183
Á. Baena,ESP,6,MID,0,0,0,0,0,73,66
O. Sancet,ESP,6,MID,0,1,0,3,172,12,37
C. Itten,SUI,6,FWD,0,1,0,3,280,32,52
F. Ugrinic,SUI,6,MID,0,0,0,0,0,10,18
R. Steffen,SUI,6,MID,0,3,0,5,334,39,67
R. Vargas,SUI,6,MID,0,3,2,8,661,908,801
Tosun,TUR,6,FWD,0,2,0,0,69,269,316
B. Yılmaz,TUR,6,FWD,0,0,0,0,0,728,714
C. Ünder,TUR,6,FWD,0,0,0,0,0,327,404
O. Kökçü,TUR,6,MID,0,1,2,1,398,568,806
Y. Sarı,TUR,6,MID,0,0,1,1,74,17,38
Y. Yazıcı,TUR,6,MID,0,1,0,1,57,118,130
V. Vanat,UKR,6,FWD,0,0,0,0,289,11,16
R. Yaremchuk,UKR,6,FWD,0,1,1,0,266,471,588
V. Buyalskyi,UKR,6,MID,0,0,0,0,83,26,33
O. Zubkov,UKR,6,MID,0,0,0,4,228,34,35
A. Bondarenko,UKR,6,MID,0,0,0,0,0,8,31
J. Frimpong,NED,5.5,DEF,34,0,0,1,22,51417,38089
A. Rudiger,GER,5.5,DEF,32,0,0,0,0,32763,33685
T. Hernández,FRA,5.5,DEF,26,0,2,6,720,54549,29493
M. Maignan,FRA,5.5,GK,17,0,0,0,0,24303,22039
T. Alexander-Arnold,ENG,5.5,DEF,14,1,1,3,317,30150,22568
J. Gvardiol,CRO,5.5,DEF,14,0,0,5,675,13325,21861
K. Walker,ENG,5.5,DEF,11,1,1,3,585,13272,15152
W. Saliba,FRA,5.5,DEF,10,0,0,0,160,9439,15178
T. Courtois,BEL,5.5,GK,10,0,0,0,0,13952,29674
G. Di Lorenzo,ITA,5.5,DEF,9,0,1,2,426,22277,22768
A. Bastoni,ITA,5.5,DEF,7,0,0,0,0,6777,9853
D. Dumfries,NED,5.5,DEF,7,0,5,4,507,14787,20359
D. Carvajal,ESP,5.5,DEF,6,0,0,0,0,6069,6619
M. de Ligt,NED,5.5,DEF,5,0,0,0,0,3660,6737
D. Udogie,ITA,5.5,DEF,4,0,1,1,108,3735,11942
N. Aké,NED,5.5,DEF,4,2,0,3,485,3362,6513
A. Robertson,SCO,5.5,DEF,4,0,3,5,494,3781,6698
M. Ter Stegen,GER,5.5,GK,3,0,0,0,0,2963,6563
O. Zinchenko,UKR,5.5,MID,3,1,1,3,592,11823,10996
U. Simón,ESP,5.5,GK,3,0,0,0,204,3757,5835
I. Konaté,FRA,5.5,DEF,3,0,0,4,342,2185,4253
J. Mæhle,DEN,5.5,DEF,2,2,1,3,670,8430,8938
P. Porro,ESP,5.5,DEF,2,0,0,0,0,2429,8475
K. Mainoo,ENG,5.5,MID,2,0,0,0,0,4470,3855
D. Alaba,AUT,5.5,DEF,2,0,1,3,283,1224,4020
S. Mitrović,SRB,5.5,MID,1,0,0,1,90,1485,1664
K. Yıldız,TUR,5.5,FWD,1,0,0,2,135,2975,2589
C. Adams,SCO,5.5,FWD,1,0,0,0,0,2794,2634
K. Thuram,FRA,5.5,MID,1,0,0,1,18,1316,1371
M. Locatelli,ITA,5.5,MID,1,0,0,0,0,1910,2390
M. Verratti,ITA,5.5,MID,1,0,0,1,17,2592,3044
P. Højbjerg,DEN,5.5,MID,1,0,0,0,0,4022,3366
R. Guerreiro,POR,5.5,DEF,1,0,0,4,163,1504,3142
L. Hernández,FRA,5.5,DEF,1,0,0,0,0,927,1822
C. Biraghi,ITA,5.5,DEF,0,0,0,0,0,245,814
L. Samardžić,SRB,5.5,MID,0,0,0,3,136,710,989
N. Maksimović,SRB,5.5,MID,0,0,0,2,181,148,406
E. Nketiah,ENG,5.5,FWD,0,0,0,0,0,309,428
E. Eze,ENG,5.5,MID,0,0,0,1,45,1488,1531
I. Ilić,SRB,5.5,MID,0,0,0,0,0,235,494
D. Praet,BEL,5.5,MID,0,0,0,0,0,218,320
A. Cicâldău,ROU,5.5,MID,0,0,0,6,230,63,203
V. Černý,CZE,5.5,FWD,0,3,0,0,293,270,375
O. Popescu,ROU,5.5,MID,0,0,0,1,180,72,227
N. Stanciu,ROU,5.5,MID,0,3,0,7,827,1836,1509
J. Brown,SCO,5.5,FWD,0,0,0,0,90,355,509
L. Shankland,SCO,5.5,FWD,0,1,0,0,6,808,931
K. Schade,GER,5.5,FWD,0,0,0,0,0,64,87
F. Grillitsch,AUT,5.5,MID,0,0,1,2,156,155,260
M. Seidl,AUT,5.5,MID,0,0,0,1,180,43,76
X. Schlager,AUT,5.5,MID,0,0,0,0,0,345,520
M. Berisha,GER,5.5,FWD,0,0,0,0,0,23,32
D. Olaru,ROU,5.5,MID,0,0,0,6,496,25,62
Y. Akgün,TUR,5.5,FWD,0,0,0,0,0,113,132
U. Nayir,TUR,5.5,FWD,0,1,0,3,226,39,54
M. Zaccagni,ITA,5.5,FWD,0,0,1,0,166,321,287
M. Marin,ROU,5.5,MID,0,0,0,5,393,71,111
E. Can,GER,5.5,MID,0,0,0,0,0,586,641
P. Stojanović,SVN,5.5,MID,0,0,3,4,772,115,145
C. Fassnacht,SUI,5.5,MID,0,0,0,0,45,62,121
D. Sow,SUI,5.5,MID,0,0,0,0,0,434,532
U. Bislimi,SUI,5.5,MID,0,0,0,1,180,11,56
A. Jashari,SUI,5.5,MID,0,0,0,0,0,29,67
S. Zuber,SUI,5.5,MID,0,0,0,0,10,393,280
J. Veretout,FRA,5.5,MID,0,0,0,0,0,38,49
M. Sarkaria,AUT,5.5,FWD,0,0,0,0,0,65,74
R. Freuler,SUI,5.5,MID,0,2,3,5,762,773,508
B. Cristante,ITA,5.5,MID,0,0,0,0,0,270,212
D. Bîrligea,ROU,5.5,FWD,0,0,0,1,90,17,21
D. Strelec,SVK,5.5,FWD,0,0,0,0,0,28,26
R. Polievka,SVK,5.5,FWD,0,0,0,0,0,16,14
I. Schranz,SVK,5.5,FWD,0,0,0,0,0,8,16
Ľ. Tupta,SVK,5.5,FWD,0,0,0,2,34,14,10
D. Drăguş,ROU,5.5,FWD,0,0,0,0,113,43,53
T. Seferi,ALB,5.5,MID,0,2,0,4,394,66,101
V. Mihăilă,ROU,5.5,FWD,0,3,0,0,171,82,76
R. Jack,SCO,5.5,MID,0,0,0,0,0,33,64
S. Kalajdzic,AUT,5.5,FWD,0,0,0,0,133,135,200
M. Entrup,AUT,5.5,FWD,0,0,0,0,0,15,22
G. Burgstaller,AUT,5.5,FWD,0,0,0,1,1,17,22
J. Adamu,AUT,5.5,FWD,0,0,0,0,112,72,94
A. Weimann,AUT,5.5,MID,0,0,0,0,0,51,98
K. McLean,SCO,5.5,MID,0,1,2,5,172,51,85
D. Ndoye,SUI,5.5,FWD,0,0,0,0,0,104,103
H. Seferović,SUI,5.5,FWD,0,0,0,0,0,116,163
R. Malinovskyi,UKR,5.5,MID,0,0,0,0,0,817,1005
A. Zeqiri,SUI,5.5,FWD,0,0,0,0,0,58,66
F. Tănase,ROU,5.5,FWD,0,0,0,0,0,9,11
J. Kucka,SVK,5.5,MID,0,2,2,5,684,73,95
A. García,ESP,5.5,MID,0,0,0,0,45,85,98
R. Riquelme,ESP,5.5,MID,0,0,0,1,112,45,66
D. Ceballos,ESP,5.5,MID,0,0,0,0,0,124,181
M. Hjulmand,DEN,5.5,MID,0,0,0,0,0,314,287
J. Lindstrøm,DEN,5.5,MID,0,0,0,6,630,171,226
P. Hrošovský,SVK,5.5,MID,0,0,0,0,0,5,17
M. Zubimendi,ESP,5.5,MID,0,0,0,2,213,175,232
M. de Roon,NED,5.5,MID,0,0,0,0,0,125,236
D. Klaassen,NED,5.5,MID,0,0,0,0,25,146,223
J. Schouten,NED,5.5,MID,0,0,0,1,90,54,55
R. Gravenberch,NED,5.5,MID,0,0,0,0,0,1113,1335
S. Lobotka,SVK,5.5,MID,0,1,1,5,788,336,478
J. Gayà,ESP,5.5,DEF,0,0,2,1,331,170,595
A. Dreyer,DEN,5.5,MID,0,0,0,0,0,84,112
T. Delaney,DEN,5.5,MID,0,1,0,1,181,68,111
P. Billing,DEN,5.5,MID,0,0,0,1,135,252,434
C. Nørgaard,DEN,5.5,MID,0,0,0,0,0,195,292
J. Brunn Larsen,DEN,5.5,MID,0,0,0,0,0,117,166
M. Trésor,BEL,5.5,MID,0,0,0,2,35,22,33
G. Arabidze,GEO,5.5,FWD,0,0,0,0,0,48,66
Bruma,POR,5.5,FWD,0,0,0,0,0,96,91
D. Sikan,UKR,5.5,FWD,0,0,0,1,23,28,42
N. Vallys,DEN,5.5,FWD,0,0,0,0,0,5,14
S. Sydorchuk,UKR,5.5,MID,0,0,0,5,145,20,22
M. Keita,BEL,5.5,MID,0,0,0,1,90,22,26
M. Gotze,GER,5.5,MID,0,0,0,0,0,190,265
T. Stepanenko,UKR,5.5,MID,0,0,0,0,0,44,55
O. Pikhalonok,UKR,5.5,MID,0,0,0,0,31,2,12
A. Buksa,POL,5.5,FWD,0,1,0,0,113,18,20
K. Świderski,POL,5.5,FWD,0,2,1,0,528,137,160
A. Benedyczak,POL,5.5,FWD,0,0,0,0,0,11,18
T. Horvat,SVN,5.5,MID,0,0,0,1,1,10,21
B. Zaragoza,ESP,5.5,FWD,0,0,0,0,0,27,37
B. Iglesias,ESP,5.5,FWD,0,0,0,1,30,334,377
A. Yarmolenko,UKR,5.5,MID,0,1,0,1,119,663,888
F. Kadıoğlu,TUR,5.5,MID,0,0,0,3,574,335,346
N. Zalewski,POL,5.5,MID,0,0,3,3,458,357,354
K. Grosicki,POL,5.5,MID,0,0,0,0,0,18,34
K. Linetty,POL,5.5,MID,0,0,0,2,169,4,16
K. Kozłowski,POL,5.5,MID,0,0,0,0,0,7,24
B. Slisz,POL,5.5,MID,0,0,0,0,0,6,13
J. Piotrowski,POL,5.5,MID,0,2,1,0,205,104,117
A. Mehmeti,ALB,5.5,MID,0,0,0,3,73,55,84
Q. Laçi,ALB,5.5,MID,0,0,0,2,26,14,27
Y. Ramadani,ALB,5.5,MID,0,0,1,3,630,32,55
K. Asllani,ALB,5.5,MID,0,1,1,4,679,186,221
D. Joveljić,SRB,5.5,FWD,0,0,0,0,0,20,39
M. Daku,ALB,5.5,FWD,0,0,0,0,0,80,95
N. Rusyn,UKR,5.5,FWD,0,0,0,0,0,22,29
S. Özcan,TUR,5.5,MID,0,0,1,0,320,166,237
B. Sosa,CRO,5.5,DEF,0,0,1,3,302,292,834
N. Radonjić,SRB,5.5,FWD,0,0,0,0,0,18,27
D. Lazović,SRB,5.5,FWD,0,1,0,1,14,10,15
A. Barák,CZE,5.5,MID,0,0,0,0,107,120,96
M. Jurásek,CZE,5.5,MID,0,0,0,0,0,28,34
R. Skov,DEN,5.5,MID,0,2,0,1,98,108,159
K. Karaman,TUR,5.5,FWD,0,0,0,0,0,32,25
G. Kochorashvili,GEO,5.5,MID,0,0,0,3,372,44,51
O. Kiteishvili,GEO,5.5,MID,0,1,0,3,629,53,79
E. Muçi,ALB,5.5,FWD,0,1,0,0,260,54,70
K. Behrens,GER,5.5,FWD,0,0,0,0,0,16,15
P. Wimmer,AUT,5.5,MID,0,0,0,3,613,104,138
M. Ducksch,GER,5.5,FWD,0,0,0,0,0,13,16
M. Ádám,HUN,5.5,FWD,0,2,1,0,320,85,115
R. Sallai,HUN,5.5,FWD,0,2,1,0,472,406,422
K. Csoboth,HUN,5.5,FWD,0,0,0,4,399,12,28
R. Marin,ROU,5.5,MID,0,1,2,5,534,68,85
L. Sučić,CRO,5.5,MID,0,0,0,0,0,54,66
P. Musa,CRO,5.5,FWD,0,0,0,4,514,92,102
M. Oršić,CRO,5.5,FWD,0,0,0,0,0,389,503
M. Pjaca,CRO,5.5,FWD,0,0,0,0,0,34,40
T. Čvančara,CZE,5.5,FWD,0,1,0,4,450,27,34
V. Kušej,CZE,5.5,FWD,0,0,0,0,0,2,8
T. Chorý,CZE,5.5,FWD,0,1,1,0,86,13,21
A. Hložek,CZE,5.5,FWD,0,0,0,0,478,395,484
L. Zahović,SVN,5.5,FWD,0,0,0,1,3,17,32
M. Nunes,POR,5.5,MID,0,0,0,0,0,556,752
J. Neves,POR,5.5,MID,0,0,0,3,159,486,433
C. Styles,HUN,5.5,MID,0,0,0,3,630,43,54
D. Gazdag,HUN,5.5,MID,0,0,0,2,177,63,66
L. Ivanušec,CRO,5.5,MID,0,1,1,5,271,99,132
Á. Nagy,HUN,5.5,MID,0,1,0,3,689,168,184
Z. Kalmár,HUN,5.5,MID,0,0,0,5,91,12,21
A. Matko,SVN,5.5,FWD,0,0,0,0,0,6,13
Ž. Vipotnik,SVN,5.5,FWD,0,2,1,0,277,7,17
J. Mlakar,SVN,5.5,FWD,0,1,0,0,591,18,16
J. Asani,ALB,5.5,FWD,0,3,2,4,692,481,349
A. Muja,ALB,5.5,FWD,0,0,0,2,40,54,74
F. Đuričić,SRB,5.5,MID,0,0,0,0,0,19,22
S. Lukić,SRB,5.5,MID,0,0,2,2,378,57,81
J. Pickford,ENG,5,GK,24,0,0,0,0,52408,34051
A. Grimaldo,ESP,5,DEF,20,0,0,0,0,47063,32741
F. Dimarco,ITA,5,DEF,20,0,0,0,0,61948,21587
Jorginho,ITA,5,MID,12,0,0,0,0,47871,24851
D. Costa,POR,5,GK,9,0,0,6,246,29622,18477
D. Dalot,POR,5,DEF,8,0,0,5,362,22386,19963
J. Koundé,FRA,5,DEF,6,0,0,0,0,12949,13283
Y. Sommer,SUI,5,GK,6,0,0,0,0,9239,10581
E. Ünal,TUR,5,FWD,5,0,1,0,140,13991,12460
M. Akanji,SUI,5,DEF,5,1,0,3,891,9317,10900
K. Schmeichel,DEN,5,GK,4,0,0,0,0,7032,8264
D. Livaković,CRO,5,GK,4,0,1,5,651,4968,6386
T. Castagne,BEL,5,DEF,4,0,1,5,675,17351,16054
J. Stones,ENG,5,DEF,4,0,0,0,0,13841,11208
M. Hummels,GER,5,DEF,3,0,0,0,0,4306,8365
B. Pavard,FRA,5,DEF,3,0,0,0,0,4331,6386
A. Christensen,DEN,5,DEF,3,0,0,0,0,4003,7084
H. Maguire,ENG,5,DEF,3,0,0,4,654,15429,29102
D. Raya,ESP,5,GK,3,0,0,0,0,3797,5501
N. Mendes,POR,5,DEF,3,0,1,1,90,5148,6757
A. Balde,ESP,5,DEF,2,0,1,3,117,3122,6050
Nacho,ESP,5,DEF,2,0,0,1,1,2051,3627
D. Man,ROU,5,FWD,2,1,0,0,56,4415,3810
A. Laporte,ESP,5,DEF,2,0,0,0,136,2798,4309
V. Mykolenko,UKR,5,DEF,2,0,0,3,900,4876,7730
B. Gilmour,SCO,5,MID,2,0,0,4,444,4660,4535
J. Oblak,SVN,5,GK,2,0,0,0,0,3066,3861
D. Upamecano,FRA,5,DEF,2,1,0,5,441,2227,3737
G. Vicario,ITA,5,GK,2,0,0,0,0,2381,5372
M. van de Ven,NED,5,DEF,2,0,0,2,130,2178,4278
W. Szczęsny,POL,5,GK,2,0,0,4,846,1894,3261
D. Volkov,GEO,5,FWD,2,0,0,0,0,5338,4385
Pepe,POR,5,DEF,2,0,0,1,90,2110,4391
A. Ramsdale,ENG,5,GK,1,0,0,0,0,1084,2506
P. Torres,ESP,5,DEF,1,0,0,0,45,1275,3090
I. Martínez,ESP,5,DEF,1,0,0,0,0,491,2130
C. Azpilicueta,ESP,5,DEF,1,0,0,0,0,396,2054
D. Raum,GER,5,DEF,1,0,0,0,0,2053,4870
K. Tierney,SCO,5,DEF,1,0,0,4,247,1073,3206
R. Gosens,GER,5,DEF,1,0,0,0,0,617,2611
N. Sule,GER,5,DEF,1,0,0,0,0,843,3003
A. Čerin,SVN,5,MID,1,1,3,4,900,2455,1999
A. Disasi,FRA,5,DEF,1,0,0,0,0,334,2091
V. Coufal,CZE,5,DEF,1,0,1,3,395,854,2889
K. Casteels,BEL,5,GK,1,0,0,3,20,6607,4168
M. Škriniar,SVK,5,DEF,1,0,0,0,0,604,2405
J. Andersen,DEN,5,DEF,1,0,1,3,583,838,2452
M. Gusto,FRA,5,DEF,1,0,0,0,0,349,2077
J. Clauss,FRA,5,DEF,1,1,2,3,196,970,2230
J. Hofmann,GER,5,MID,1,0,0,0,0,1494,1708
J. Stanišić,CRO,5,DEF,1,0,0,4,307,796,2720
M. Darmian,ITA,5,DEF,1,0,0,0,0,514,1934
L. Spinazzola,ITA,5,DEF,1,0,0,0,0,1489,4476
F. Acerbi,ITA,5,DEF,1,0,0,0,0,467,2079
Z. Çelik,TUR,5,DEF,1,0,0,3,342,623,2147
D. Zakaria,SUI,5,MID,1,0,1,3,630,2177,2299
D. Blind,NED,5,DEF,1,0,1,3,275,655,2272
S. de Vrij,NED,5,DEF,1,0,1,0,112,224,1759
J. Timber,NED,5,DEF,1,0,0,0,0,529,2682
M. Cash,POL,5,DEF,1,0,0,0,0,593,3136
G. Mikautadze,GEO,5,FWD,1,0,0,0,0,2563,2393
A. Silva,POR,5,DEF,1,0,1,4,450,915,2194
J. Sá,POR,5,GK,1,0,0,1,5,1488,2383
L. Shaw,ENG,5,DEF,1,0,1,0,116,1290,3121
L. Munteanu,ROU,5,FWD,0,0,0,0,0,300,371
G. Puşcaş,ROU,5,FWD,0,1,0,0,146,981,1006
D. Alibec,ROU,5,FWD,0,3,0,0,522,563,499
F. García,ESP,5,DEF,0,0,0,0,36,131,1542
D. Sorescu,ROU,5,MID,0,0,0,3,450,625,786
G. Taylor,SCO,5,DEF,0,0,0,0,180,123,1706
B. Henrich,GER,5,DEF,0,0,0,0,0,125,1567
J. Henderson,ENG,5,MID,0,0,2,5,379,698,1006
B. Verbič,SVN,5,MID,0,1,0,7,296,344,639
J. Stanković,SVN,5,MID,0,0,0,0,0,317,588
K. Nisbet,SCO,5,FWD,0,0,0,0,59,410,457
M. Zajc,SVN,5,MID,0,0,0,0,0,80,180
J. Kurtić,SVN,5,MID,0,0,0,6,90,88,158
J. Bijol,SVN,5,MID,0,0,0,0,0,108,189
K. Bare,ALB,5,MID,0,0,0,5,103,223,309
L. Krejčí,CZE,5,DEF,0,0,0,0,0,189,1707
L. Ferguson,SCO,5,MID,0,0,0,0,0,1184,1331
A. Hickey,SCO,5,MID,0,0,0,4,455,364,480
F. Mladenović,SRB,5,DEF,0,0,3,4,288,190,1771
M. Ingvartsen,DEN,5,FWD,0,0,0,0,0,478,488
A. Vombergar,SVN,5,FWD,0,0,0,0,24,59,67
P. Ratkov,SRB,5,FWD,0,0,0,0,0,100,94
D. Jovanović,SRB,5,FWD,0,0,0,0,0,211,193
N. Žugelj,SVN,5,FWD,0,0,0,0,0,56,72
M. Grujić,SRB,5,MID,0,0,0,0,0,224,271
N. Gudelj,SRB,5,MID,0,0,0,0,0,337,360
M. Gaćinović,SRB,5,MID,0,0,0,0,0,42,47
U. Račić,SRB,5,MID,0,0,0,2,40,116,142
A. Sadiku,ALB,5,FWD,0,0,0,0,0,138,138
D. Brekalo,SVN,5,DEF,0,0,0,0,0,109,1610
Ž. Karničnik,SVN,5,DEF,0,1,2,4,868,164,1628
D. Ďuriš,SVK,5,FWD,0,1,0,0,84,73,72
A. Zreľák,SVK,5,FWD,0,0,0,1,5,42,51
J. Kadák,SVK,5,MID,0,0,0,0,0,39,61
M. Bero,SVK,5,MID,0,0,0,4,85,34,55
E. Jirka,SVK,5,MID,0,0,0,0,0,26,42
T. Holeš,CZE,5,MID,0,0,0,0,0,199,250
J. Zmrhal,CZE,5,MID,0,0,0,0,0,42,50
D. Beljo,CRO,5,FWD,0,0,0,1,180,152,108
M. Frigan,CRO,5,FWD,0,0,0,0,0,135,101
F. Nmecha,GER,5,MID,0,0,0,0,0,142,174
C. Fuhrich,GER,5,MID,0,0,0,0,0,115,120
G. Promel,GER,5,MID,0,0,0,0,0,17,15
R. Andrich,GER,5,MID,0,0,0,0,0,927,833
J. Šutalo,CRO,5,DEF,0,0,0,5,320,206,1680
B. Barišić,CRO,5,DEF,0,0,0,0,0,91,1626
J. Juranović,CRO,5,DEF,0,0,0,0,0,253,1861
P. Ševčík,CZE,5,MID,0,0,0,0,0,63,77
M. Sadílek,CZE,5,MID,0,0,0,3,241,63,60
L. Sadílek,CZE,5,MID,0,0,0,1,4,15,47
A. Král,CZE,5,MID,0,0,1,3,342,177,234
L. Masopust,CZE,5,MID,0,0,0,0,0,23,32
J. Matoušek,CZE,5,FWD,0,0,0,1,11,172,145
U. Bozok,TUR,5,FWD,0,0,0,0,0,189,192
H. Dervişoğlu,TUR,5,FWD,0,0,0,0,0,112,108
A. Németh,HUN,5,FWD,0,0,0,1,180,251,257
B. Vécsei,HUN,5,MID,0,1,0,0,19,65,85
S. Szuhodovszki,HUN,5,MID,0,0,0,1,90,42,55
L. Kleinheisler,HUN,5,MID,0,0,0,0,15,60,76
A. Vranckx,BEL,5,MID,0,0,1,3,164,69,77
O. Mangala,BEL,5,MID,0,0,2,6,450,340,317
L. Dendoncker,BEL,5,MID,0,0,0,0,0,225,265
E. Fernandes,SUI,5,MID,0,0,0,0,0,180,208
M. Aebischer,SUI,5,MID,0,0,0,1,166,55,73
F. Rieder,SUI,5,MID,0,0,0,2,52,45,52
N. Seiwald,AUT,5,MID,0,0,0,3,720,216,227
D. Ljubicic,AUT,5,MID,0,0,0,3,209,39,48
B. Yıldırım,TUR,5,FWD,0,1,0,2,180,260,287
A. Meret,ITA,5,GK,0,0,0,0,0,111,634
E. Akbaba,TUR,5,FWD,0,0,0,0,0,186,197
Y. Nazaryna,UKR,5,MID,0,0,0,2,64,28,29
L. Geertruida,NED,5,DEF,0,0,0,0,0,260,1861
J. Teze,NED,5,DEF,0,0,0,0,0,74,1555
N. Moro,CRO,5,MID,0,0,0,0,0,39,51
N. Elvedi,SUI,5,DEF,0,0,0,3,390,212,1629
A. Pedraza,ESP,5,MID,0,0,0,0,0,68,92
K. Taylor,NED,5,MID,0,0,0,0,0,104,143
M. Wieffer,NED,5,MID,0,1,0,3,450,285,338
B. Zivzivadze,GEO,5,FWD,0,3,0,0,332,624,580
A. Trubin,UKR,5,GK,0,0,0,0,0,781,1405
K. Arrizabalaga,ESP,5,GK,0,0,0,1,42,171,696
J. Navas,ESP,5,DEF,0,0,1,0,100,83,1506
G. Beridze,GEO,5,FWD,0,0,0,0,0,196,204
G. Kvilitaia,GEO,5,FWD,0,0,0,2,31,700,766
J. Kamiński,POL,5,MID,0,0,1,3,405,104,116
G. Krychowiak,POL,5,MID,0,0,0,1,2,50,74
F. Marchwiński,POL,5,MID,0,0,0,0,0,10,19
B. Lederman,POL,5,MID,0,0,0,0,0,28,41
M. Łęgowski,POL,5,MID,0,0,0,0,0,12,18
P. Wszołek,POL,5,MID,0,0,0,0,0,16,31
P. Dziczek,POL,5,MID,0,0,0,0,0,17,20
İ. Yüksek,TUR,5,MID,0,0,1,3,521,177,144
N. Semedo,POR,5,DEF,0,0,0,0,0,142,1571
G. Tsitaishvili,GEO,5,MID,0,0,0,0,0,52,69
Z. Davitashvili,GEO,5,MID,0,1,0,5,303,64,71
L. Shengelia,GEO,5,MID,0,1,1,3,249,39,54
B. Chilwell,ENG,5,DEF,0,0,0,1,85,225,1731
R. Patrício,POR,5,GK,0,0,0,2,180,529,1093
D. Ihnatenko,UKR,5,MID,0,0,0,0,0,11,22
O. Roshi,ALB,5,MID,0,0,0,0,0,28,35
K. Gjasula,ALB,5,MID,0,0,0,3,435,28,43
Uçan,TUR,5,MID,0,0,0,0,0,59,82
B. Kutlu,TUR,5,MID,0,0,0,0,58,13,27
A. Ömür,TUR,5,MID,0,0,0,0,0,120,150
Danilo,POR,5,MID,0,0,0,6,129,659,833
R. Sanches,POR,5,MID,0,0,0,0,0,651,790
R. James,ENG,5,DEF,0,0,0,0,21,124,1635
K. Phillips,ENG,5,MID,0,1,0,2,198,295,500
I. Konoplianka,UKR,5,MID,0,0,0,0,0,138,203
A. Lunin,UKR,4.5,GK,18,0,0,0,0,51235,30281
D. Schmid,SUI,4.5,MID,14,0,0,0,0,36462,28435
N. Schlotterbeck,GER,4.5,DEF,7,0,0,0,0,20287,24492
J. Tah,GER,4.5,DEF,4,0,0,0,0,24503,15030
B. Verbruggen,NED,4.5,GK,4,0,0,3,348,26591,13993
J. Kankava,GEO,4.5,MID,3,0,0,1,90,7993,7029
J. Vertonghen,BEL,4.5,DEF,3,1,0,0,224,9718,10283
F. Schär,SUI,4.5,DEF,3,0,0,0,181,10807,9188
G. Kobel,SUI,4.5,GK,3,0,0,0,45,6145,6794
F. Mendy,FRA,4.5,DEF,2,0,0,0,0,4425,5042
G. Mamardashvili,GEO,4.5,GK,2,0,0,0,0,2892,3384
N. Kvekveskiri,GEO,4.5,MID,2,0,0,3,383,4281,3723
G. Chakvetadze,GEO,4.5,MID,2,1,3,4,561,8913,4771
W. Orbán,HUN,4.5,DEF,2,0,0,0,0,2773,4329
M. Erlić,CRO,4.5,DEF,1,0,0,0,9,880,2325
D. Vida,CRO,4.5,DEF,1,0,0,0,0,1519,3105
W. Fofana,FRA,4.5,DEF,1,0,0,0,0,638,2024
J. Todibo,FRA,4.5,DEF,1,0,0,0,0,686,2235
A. Areola,FRA,4.5,GK,1,0,0,0,0,1415,2337
L. Klosterman,GER,4.5,DEF,1,0,0,0,0,457,1994
K. Trapp,GER,4.5,GK,1,0,0,0,0,590,1311
A. Theate,BEL,4.5,DEF,1,0,2,5,638,5544,5809
T. Meunier,BEL,4.5,DEF,1,0,0,0,0,2563,4105
M. Kerkez,HUN,4.5,DEF,1,0,0,3,630,2673,4288
P. Gulácsi,HUN,4.5,GK,1,0,0,0,0,3546,3917
A. Buongiorno,ITA,4.5,DEF,1,0,0,0,11,1064,2275
G. Scalvini,ITA,4.5,DEF,1,0,0,0,0,847,2693
G. Mancini,ITA,4.5,DEF,1,0,0,0,0,2115,3143
Emerson,ITA,4.5,DEF,1,0,0,0,0,836,2520
U. Çakır,TUR,4.5,GK,1,0,0,0,0,3707,3759
T. Malacia,NED,4.5,DEF,1,0,0,0,100,523,2057
I. Maatsen,NED,4.5,DEF,1,0,0,0,0,6506,9625
M. Flekken,NED,4.5,GK,1,0,0,0,0,1448,2575
P. Frankowski,POL,4.5,DEF,1,0,0,0,0,758,2157
J. Kiwior,POL,4.5,DEF,1,0,0,4,930,1911,3641
G. Inácio,POR,4.5,DEF,1,2,2,5,383,2657,2599
R. Drăgușin,ROU,4.5,DEF,1,0,0,6,855,1582,1795
B. Özdemir,TUR,4.5,MID,1,0,0,0,0,2179,1653
I. Zabarnyi,UKR,4.5,DEF,1,1,0,3,810,2918,2802
A. Gunn,SCO,4.5,GK,1,0,0,0,0,850,1420
V. Milinković-Savić,SRB,4.5,GK,1,0,0,2,585,1206,1632
M. Dúbravka,SVK,4.5,GK,1,0,0,0,0,885,1304
D. Hollý,SVK,4.5,MID,1,0,0,0,0,1090,997
D. Črnigoj,SVN,4.5,MID,1,0,0,0,0,2977,2507
Ç. Söyüncü,TUR,4.5,DEF,1,0,0,0,246,1296,1807
S. Kjær,DEN,4.5,DEF,1,0,0,0,0,1389,1838
P. Cubarsi,ESP,4.5,DEF,1,0,0,0,0,1283,2233
M. Guéhi,ENG,4.5,DEF,1,0,0,0,0,5742,1459
I. Grbić,CRO,4.5,GK,0,0,0,0,0,631,1124
S. Johnstone,ENG,4.5,GK,0,0,0,0,0,83,552
F. Forster,ENG,4.5,GK,0,0,0,0,0,54,523
C. Lukeba,FRA,4.5,DEF,0,0,0,0,0,207,1739
B. Samba,FRA,4.5,GK,0,0,0,0,55,1670,2149
O. Kakabadze,GEO,4.5,DEF,0,0,0,0,0,345,1833
G. Aburjania,GEO,4.5,MID,0,0,0,0,0,759,898
R. Lewis,ENG,4.5,DEF,0,0,0,0,90,247,1702
S. Lobjanidze,GEO,4.5,MID,0,0,1,2,192,525,721
A. Mekvabishvili,GEO,4.5,MID,0,0,0,0,0,765,957
G. Sigua,GEO,4.5,MID,0,0,0,0,0,361,411
L. Gagnidze,GEO,4.5,MID,0,0,0,2,312,244,244
V. Vladimer,GEO,4.5,MID,0,0,0,3,35,406,401
S. Altunashvili,GEO,4.5,MID,0,0,0,0,0,284,331
J. Vagnoman,GER,4.5,DEF,0,0,0,0,0,99,1554
M. Ginter,GER,4.5,DEF,0,0,0,0,0,204,1662
C. Gunter,GER,4.5,DEF,0,0,0,0,0,135,1570
M. Thiaw,GER,4.5,DEF,0,0,0,0,0,83,1462
B. Leno,GER,4.5,GK,0,0,0,0,0,221,752
Z. Debast,BEL,4.5,DEF,0,0,0,0,45,628,1849
A. Al-Dakhil,BEL,4.5,DEF,0,0,0,0,0,73,1519
H. Siquet,BEL,4.5,DEF,0,0,0,0,28,69,1452
M. Wolf,GER,4.5,DEF,0,0,0,0,0,79,1569
B. Bolla,HUN,4.5,DEF,0,0,0,4,450,94,1549
A. Szalai,HUN,4.5,DEF,0,0,1,3,640,339,1770
J. Ferenczi,HUN,4.5,DEF,0,0,0,1,2,62,1503
P. Baráth,HUN,4.5,MID,0,0,0,1,26,356,310
M. Kata,HUN,4.5,MID,0,0,0,0,0,376,333
F. Gatti,ITA,4.5,DEF,0,0,0,0,90,234,1570
M. Günok,TUR,4.5,GK,0,0,0,0,0,562,911
I. Provedel,ITA,4.5,GK,0,0,0,0,0,117,614
H. Lindner,AUT,4.5,GK,0,0,0,0,0,95,534
A. Schlager,AUT,4.5,GK,0,0,0,3,241,241,705
J. Hato,NED,4.5,DEF,0,0,1,1,90,128,1516
C. Trimmel,AUT,4.5,DEF,0,0,0,0,0,118,1532
G. Trauner,AUT,4.5,DEF,0,0,0,0,0,81,1501
T. Kędziora,POL,4.5,DEF,0,0,0,0,0,55,1554
B. Wdowik,POL,4.5,DEF,0,0,0,0,0,27,233
S. Walukiewicz,POL,4.5,DEF,0,0,0,0,0,52,267
B. Bereszyński,POL,4.5,DEF,0,0,0,0,0,33,237
M. Wieteska,POL,4.5,DEF,0,0,0,0,33,28,220
K. Bielik,POL,4.5,DEF,0,0,0,0,0,66,290
M. Wöber,AUT,4.5,DEF,0,0,0,5,278,124,378
K. Danso,AUT,4.5,DEF,0,0,0,0,0,189,476
M. Bułka,POL,4.5,GK,0,0,0,0,0,75,474
P. Mwene,AUT,4.5,DEF,0,0,0,0,0,48,263
P. Bochniewicz,POL,4.5,DEF,0,0,0,0,34,15,219
T. Gomes,POR,4.5,DEF,0,0,0,0,0,50,235
D. Leite,POR,4.5,DEF,0,0,0,0,0,23,220
S. Baidoo,AUT,4.5,DEF,0,0,0,0,0,41,243
S. Posch,AUT,4.5,DEF,0,0,2,2,453,248,488
A. Ulmer,AUT,4.5,DEF,0,0,0,0,0,28,250
L. Selahi,ALB,4.5,MID,0,0,0,0,0,817,750
J. Mário,POR,4.5,DEF,0,0,0,0,0,89,281
A. Lopes,POR,4.5,GK,0,0,0,0,0,112,555
A. Abrashi,ALB,4.5,MID,0,0,0,0,0,335,301
A. Mucolli,ALB,4.5,MID,0,0,0,0,0,558,517
E. Lenjani,ALB,4.5,MID,0,0,0,0,0,505,454
R. Opruț,ROU,4.5,DEF,0,0,0,0,0,17,236
A. Rus,ROU,4.5,DEF,0,0,0,2,63,23,232
A. Burcă,ROU,4.5,DEF,0,1,0,6,873,317,517
V. Screciu,ROU,4.5,DEF,0,0,0,0,0,10,235
A. Artean,ROU,4.5,MID,0,0,0,0,0,243,256
M. Ștefănescu,ROU,4.5,MID,0,0,0,0,0,344,395
T. Băluţă,ROU,4.5,MID,0,0,0,3,43,408,398
D. Hyam,SCO,4.5,DEF,0,0,0,0,0,54,266
R. Porteous,SCO,4.5,DEF,0,0,0,0,0,195,428
J. Hendry,SCO,4.5,DEF,0,0,1,2,173,127,404
A. Ralston,SCO,4.5,DEF,0,0,0,0,0,64,274
J. Souttar,SCO,4.5,DEF,0,0,0,0,0,37,295
L. Cooper,SCO,4.5,DEF,0,0,0,2,11,93,375
S. McKenna,SCO,4.5,DEF,0,0,0,0,0,36,276
N. Patterson,SCO,4.5,DEF,0,0,0,0,0,165,493
V. Bondar,UKR,4.5,DEF,0,0,0,0,0,38,200
O. Karavaiev,UKR,4.5,DEF,0,1,0,1,140,49,214
S. Kryvtsov,UKR,4.5,DEF,0,0,0,0,17,20,161
A. Terzić,SRB,4.5,DEF,0,0,0,0,0,27,176
S. Babić,SRB,4.5,DEF,0,0,0,0,0,38,175
M. Veljković,SRB,4.5,DEF,0,1,0,0,360,21,165
S. Eraković,SRB,4.5,DEF,0,0,0,2,116,28,166
N. Milenković,SRB,4.5,DEF,0,0,0,3,720,216,365
S. Pavlović,SRB,4.5,DEF,0,0,0,0,0,296,426
O. Tymchyk,UKR,4.5,DEF,0,0,0,0,0,16,148
Đ. Petrović,SRB,4.5,GK,0,0,0,0,0,421,1032
N. Gyömbér,SVK,4.5,DEF,0,0,0,0,0,32,155
M. Tomič,SVK,4.5,DEF,0,0,0,3,45,26,143
D. Vavro,SVK,4.5,DEF,0,0,0,0,0,42,144
D. Hancko,SVK,4.5,DEF,0,2,3,5,896,2211,1653
P. Pekarík,SVK,4.5,DEF,0,0,0,5,810,16,51
V. Dubinchak,UKR,4.5,DEF,0,0,0,0,0,12,65
M. Matviyenko,UKR,4.5,DEF,0,0,0,0,0,191,197
D. Popov,UKR,4.5,DEF,0,0,0,0,0,35,80
Y. Konoplia,UKR,4.5,DEF,0,1,2,5,800,1369,973
A. Obert,SVK,4.5,MID,0,0,0,0,0,718,645
C. Herc,SVK,4.5,MID,0,0,0,0,0,642,709
M. Blažič,SVN,4.5,DEF,0,0,0,0,0,41,72
J. Balkovec,SVN,4.5,DEF,0,0,0,3,195,13,39
V. Drkušić,SVN,4.5,DEF,0,0,0,0,0,19,54
E. Janža,SVN,4.5,DEF,0,2,0,2,498,119,142
V. Belec,SVN,4.5,GK,0,0,0,0,0,27,335
M. Vidovšek,SVN,4.5,GK,0,0,0,0,45,14,289
D. García,ESP,4.5,DEF,0,0,0,0,0,74,112
R. Le Normand,ESP,4.5,DEF,0,1,0,0,367,1621,1434
A. Remiro,ESP,4.5,GK,0,0,0,0,0,51,397
R. Sánchez,ESP,4.5,GK,0,0,0,0,0,376,874
E. Mihaj,ALB,4.5,DEF,0,0,0,0,70,61,112
D. Riznyk,UKR,4.5,GK,0,0,0,0,0,34,333
C. Zesiger,SUI,4.5,DEF,0,0,0,1,127,34,75
S. Widmer,SUI,4.5,DEF,0,0,0,0,0,416,342
J. Lotomba,SUI,4.5,DEF,0,0,0,0,56,16,47
R. Rodríguez,SUI,4.5,DEF,0,0,0,0,0,690,795
E. Cömert,SUI,4.5,DEF,0,0,0,0,0,17,36
M. Mitaj,ALB,4.5,DEF,0,0,0,0,0,100,98
I. Balliu,ALB,4.5,DEF,0,0,0,1,42,24,39
E. Hysaj,ALB,4.5,DEF,0,0,0,0,0,75,133
B. Djimsiti,ALB,4.5,DEF,0,0,0,0,0,176,183
E. Sarapii,UKR,4.5,DEF,0,0,0,0,0,10,29
A. Bardakcı,TUR,4.5,DEF,0,1,0,3,192,599,419
M. Demiral,TUR,4.5,DEF,0,0,0,0,0,330,436
O. Bulut,TUR,4.5,DEF,0,0,0,0,0,8,31
O. Kabak,TUR,4.5,DEF,0,0,0,0,0,189,232
C. Özkacar,TUR,4.5,DEF,0,0,1,2,297,136,144
E. Elmalı,TUR,4.5,DEF,0,0,0,2,220,7,25
M. Müldür,TUR,4.5,DEF,0,0,0,0,13,119,95
K. Ayhan,TUR,4.5,DEF,0,0,0,0,0,36,43
J. Pavlenka,CZE,4.5,GK,0,0,0,0,0,226,580
A. Ajeti,ALB,4.5,DEF,0,0,0,0,0,15,38
V. Kristiansen,DEN,4.5,DEF,0,0,1,2,202,3228,2380
A. Bah,DEN,4.5,DEF,0,0,1,1,245,661,608
J. Stryger,DEN,4.5,DEF,0,0,0,3,118,21,52
M. Jørgensen,DEN,4.5,DEF,0,0,0,0,0,18,46
J. Vestergaard,DEN,4.5,DEF,0,0,0,0,0,222,276
V. Nelsson,DEN,4.5,DEF,0,0,0,0,0,27,58
R. Kristensen,DEN,4.5,DEF,0,0,0,0,0,464,450
D. Douděra,CZE,4.5,DEF,0,1,0,3,324,82,117
D. Jurásek,CZE,4.5,DEF,0,0,1,3,411,224,195
J. Zelený,CZE,4.5,DEF,0,0,0,0,0,22,54
E. Konsa,ENG,4.5,DEF,0,0,0,0,0,290,230
E. Dier,ENG,4.5,DEF,0,0,0,0,0,147,263
F. Tomori,ENG,4.5,DEF,0,0,0,1,6,143,260
M. Mittelstadt,GER,4,DEF,16,0,0,0,0,71603,7456
W. Faes,BEL,4,DEF,8,0,0,0,0,43768,14854
M. Kumbulla,ALB,4,DEF,7,0,0,0,58,18762,19508
B. Drągowski,POL,4,GK,7,0,0,0,0,15897,12223
N. Aliji,ALB,4,DEF,5,0,0,0,0,10217,9825
O. Baumann,GER,4,GK,4,0,0,0,0,4755,5273
J. Cillessen,NED,4,GK,3,0,0,1,17,4109,4163
A. Bayındır,TUR,4,GK,3,0,0,1,19,9335,5679
M. Sels,BEL,4,GK,3,0,0,0,0,21737,13546
I. Radu,ROU,4,GK,3,0,0,1,111,4801,3441
J. Bednarek,POL,4,DEF,2,0,0,0,0,7135,6611
A. Hadroj,ALB,4,DEF,1,0,0,0,0,2046,2208
C. Biai,POR,4,GK,1,0,0,0,0,1496,1751
P. Dawidowicz,POL,4,DEF,1,0,0,0,74,1473,1409
S. Lainer,AUT,4,DEF,1,0,0,0,0,1228,1267
A. Romagnoli,ITA,4,DEF,1,0,0,0,0,2263,2165
T. Keher,GER,4,DEF,1,0,0,0,0,1174,1173
D. Dibusz,HUN,4,GK,1,0,0,0,0,4778,3643
T. Strakosha,ALB,4,GK,1,0,0,0,0,4029,3671
E. Berisha,ALB,4,GK,1,0,0,2,115,2325,1814
L. Kelly,SCO,4,GK,1,0,0,0,0,991,1025
G. Hanley,SCO,4,DEF,1,0,0,0,0,1508,1519
H. Moldovan,ROU,4,GK,1,0,0,0,0,4964,2963
F. Niță,ROU,4,GK,1,0,0,0,0,815,663
L. Dvali,GEO,4,DEF,1,0,0,0,0,1100,1203
N. Bancu,ROU,4,DEF,1,0,1,4,540,2022,1546
A. Rațiu,ROU,4,DEF,1,0,1,4,450,1128,1111
C. Manea,ROU,4,DEF,1,0,0,0,0,2640,2527
B. Racoviţan,ROU,4,DEF,0,0,0,0,0,648,830
Ł. Skorupski,POL,4,GK,0,0,0,0,0,559,796
T. Puchacz,POL,4,DEF,0,0,0,0,0,630,770
M. Karbownik,POL,4,DEF,0,0,0,0,81,253,347
P. Peda,POL,4,DEF,0,0,0,0,0,172,225
B. Salamon,POL,4,DEF,0,0,0,0,0,286,341
G. Gocholeishvilli,GEO,4,DEF,0,0,0,3,540,900,774
S. Sazonov,GEO,4,DEF,0,0,0,0,0,233,299
F. Veseli,ALB,4,DEF,0,0,0,0,0,256,309
J. Mersinaj,ALB,4,DEF,0,0,0,0,0,103,149
A. Ismajli,ALB,4,DEF,0,0,0,0,0,454,409
G. Kashia,GEO,4,DEF,0,0,0,0,0,405,429
R. Gumny,POL,4,DEF,0,0,0,0,45,144,183
I. Gelashvili,GEO,4,DEF,0,0,0,0,0,62,97
G. Gvelesiani,GEO,4,DEF,0,0,0,0,0,196,169
P. Lienhart,AUT,4,DEF,0,0,0,0,0,466,467
A. Noppert,NED,4,GK,0,0,0,0,0,501,929
J. Bijlow,NED,4,GK,0,0,0,0,0,706,971
K. Scherpen,NED,4,GK,0,0,0,0,0,64,366
J. Tabidze,GEO,4,DEF,0,0,0,0,0,88,76
M. Pongračić,CRO,4,DEF,0,0,0,0,0,247,245
E. Jelert,DEN,4,DEF,0,0,0,0,90,357,388
M. Vitík,CZE,4,DEF,0,0,0,1,29,208,222
P. Stronati,CZE,4,DEF,0,0,0,0,0,77,96
I. Ivušić,CRO,4,GK,0,0,0,0,0,426,635
U. Garcia,SUI,4,DEF,0,0,0,0,0,283,276
L. Benito,SUI,4,DEF,0,0,0,0,0,66,75
M. Lang,SUI,4,DEF,0,0,0,0,0,444,466
N. Labrović,CRO,4,GK,0,0,0,0,0,226,474
A. Bodart,BEL,4,GK,0,0,0,0,0,130,372
L. Dunk,ENG,4,DEF,0,0,0,0,0,913,772
M. Shevchenko,UKR,4,GK,0,0,0,0,0,478,690
N. Olij,NED,4,GK,0,0,0,0,0,63,306
F. Daniliuc,AUT,4,DEF,0,0,0,0,0,89,100
J. Auer,AUT,4,DEF,0,0,0,0,0,120,135
T. Kaminski,BEL,4,GK,0,0,0,0,0,413,614
A. Racioppi,SUI,4,GK,0,0,0,0,0,45,313
J. Omlin,SUI,4,GK,0,0,0,0,0,157,389
J. Frick,SUI,4,GK,0,0,0,0,0,178,386
Y. Mvogo,SUI,4,GK,0,0,0,0,0,2301,2114
G. Bushchan,UKR,4,GK,0,0,0,0,0,124,325
D. Schnegg,AUT,4,DEF,0,0,0,0,0,91,104
E. Özbir,TUR,4,GK,0,0,0,0,0,200,376
M. Şengezer,TUR,4,GK,0,0,0,0,0,72,305
T. Lawal,AUT,4,GK,0,0,0,0,0,95,313
P. Pentz,AUT,4,GK,0,0,0,0,0,745,635
N. Hedl,AUT,4,GK,0,0,0,0,0,49,297
M. Carnesecchi,ITA,4,GK,0,0,0,0,0,272,520
W. Falcone,ITA,4,GK,0,0,0,0,0,130,371
D. Bachmann,AUT,4,GK,0,0,0,0,0,398,608
R. Tolói,ITA,4,DEF,0,0,0,1,135,536,482
A. Cambiaso,ITA,4,DEF,0,0,0,0,0,1362,1081
N. Casale,ITA,4,DEF,0,0,0,0,0,209,192
F. Rønnow,DEN,4,GK,0,0,0,0,0,658,657
M. Hermansen,DEN,4,GK,0,0,0,0,0,253,433
L. Colwill,ENG,4,DEF,0,0,0,0,0,330,456
W. Anton,GER,4,DEF,0,0,0,0,0,190,211
R. Koch,GER,4,DEF,0,0,0,0,0,237,299
G. Loria,GEO,4,GK,0,0,0,0,0,151,371
J. Brabec,CZE,4,DEF,0,0,0,0,0,171,201
V. Jemelka,CZE,4,DEF,0,0,0,1,24,62,77
D. Zima,CZE,4,DEF,0,0,0,1,180,297,262
L. Gugeshashvili,GEO,4,GK,0,0,0,0,0,120,357
S. Kverkvelia,GEO,4,DEF,0,0,0,0,0,202,234
I. Azarov,GEO,4,DEF,0,0,0,0,0,85,116
M. Lazzari,ITA,4,DEF,0,0,0,0,0,337,321
P. Szappanos,HUN,4,GK,0,0,0,0,0,64,281
P. Demjén,HUN,4,GK,0,0,0,0,0,93,343
K. Hegyi,HUN,4,GK,0,0,0,0,0,58,282
E. Botka,HUN,4,DEF,0,0,0,0,0,173,159
L. Lochoshvili,GEO,4,DEF,0,0,0,0,0,94,99
J. Staněk,CZE,4,GK,0,0,0,1,50,1271,1043
T. Vaclík,CZE,4,GK,0,0,0,0,0,252,480
M. Kovář,CZE,4,GK,0,0,0,0,0,479,568
T. Koubek,CZE,4,GK,0,0,0,0,0,107,333
A. Mandous,CZE,4,GK,0,0,0,0,0,45,274
S. Akaydin,TUR,4,DEF,0,0,1,2,270,461,407
M. Aydın,TUR,4,DEF,0,0,0,0,0,141,147
A. Kalandadze,GEO,4,DEF,0,0,0,0,0,49,52
D. Miroshnichenko,UKR,4,DEF,0,0,0,0,0,161,155
E. Kastrati,ALB,4,GK,0,0,0,0,0,208,381
M. Rodák,SVK,4,GK,0,0,0,0,0,197,345
H. Ravas,SVK,4,GK,0,0,0,0,0,56,298
A. Fiola,HUN,4,DEF,0,0,0,0,0,53,63
A. Mocsi,HUN,4,DEF,0,0,0,0,0,62,87
Á. Lang,HUN,4,DEF,0,0,0,0,0,2091,1718
Ľ. Šatka,SVK,4,DEF,0,1,0,1,149,87,83
V. De Marco,SVK,4,DEF,0,0,0,1,20,163,155
B. Balogh,HUN,4,DEF,0,0,0,0,0,105,133
Z. Nagy,HUN,4,DEF,0,0,0,0,0,506,377
L. Négo,HUN,4,DEF,0,0,2,2,345,2307,1738
G. Szalai,HUN,4,DEF,0,0,0,0,0,207,196
M. Valjent,SVK,4,DEF,0,0,0,0,0,61,67
D. Zec,SVN,4,DEF,0,0,0,0,0,41,62
Ž. Zaletel,SVN,4,DEF,0,0,0,0,0,45,72
B. Radunović,SRB,4,GK,0,0,0,0,0,38,270
E. Sobol,UKR,4,DEF,0,0,0,0,0,257,277
B. Mykhaylichenko,UKR,4,DEF,0,0,0,0,0,140,157
O. Svatok,UKR,4,DEF,0,0,0,4,213,468,343
M. Dmitrović,SRB,4,GK,0,0,0,0,0,418,633
F. Stankovic,SRB,4,GK,0,0,0,0,0,75,275
P. Rajković,SRB,4,GK,0,0,0,0,0,442,591
D. Rosić,SRB,4,GK,0,0,0,0,0,95,344
E. Mašović,SRB,4,DEF,0,0,0,0,0,142,171
S. Bornauw,BEL,4,DEF,0,0,0,0,0,138,148
M. Turk,SVN,4,GK,0,0,0,0,0,71,305
A. Ivačič,SVN,4,GK,0,0,0,0,0,114,315
Z. Vanheusden,BEL,4,DEF,0,0,0,0,0,178,179
N. Stojić,SRB,4,DEF,0,0,0,0,0,102,112
Robby McCrorie,SCO,4,GK,0,0,0,0,0,150,366
Z. Clark,SCO,4,GK,0,0,0,0,180,602,408
Ross McCrorie,SCO,4,DEF,0,0,0,0,0,259,238
J. Doig,SCO,4,DEF,0,0,0,0,0,257,278
J. Blaswich,GER,4,GK,0,0,0,0,0,125,172
M. Aioani,ROU,4,GK,0,0,0,0,0,164,187
Ş. Târnovanu,ROU,4,GK,0,0,0,0,0,395,481
M. Dobre,ROU,4,DEF,0,0,0,1,92,88,99
A. Borza,ROU,4,DEF,0,0,0,0,0,76,104
I. Nedelcearu,ROU,4,DEF,0,0,0,0,0,74,84
Camora,ROU,4,DEF,0,0,0,0,4,95,132
V. Ţicu,ROU,4,DEF,0,0,0,0,0,86,122
A. Dumitrescu,ROU,4,DEF,0,0,0,0,0,194,289
V. Mogoș,ROU,4,DEF,0,0,0,0,0,367,420